Row number,Sector,Gas,Activity,Additional aggregation,Category,1990,1991,1992,1993,1994,1995,1996,1997,1998,1999,2000,2001,2002,2003,2004,2005,2006,2007,2008,2009,2010
1,Agriculture,N2O,Energy,,Oil,46.0528,57.3698,66.90427,58.0398,61.69725,60.75537,55.85739,70.29728,56.06474,43.44464,40.52808,48.72288,39.4232,37.87158,44.79692,47.01544,46.07366,48.20618,46.39078,65.14549,76.15002
2,Agriculture,N2O,Energy,,Other,0.06676,0.16856,0.22946,0.37499,0.39766,0.40789,0.16476,0.95088,0.53405,0.51881,0.49527,0.49008,0.44878,0.50471,0.50417,0.6451,1.10341,1.54254,1.20448,2.6719,3.74789
3,Agriculture,N2O,Agriculture,,Agricultural Burning,98.65131,94.94234,97.36886,57.80271,129.60265,108.88934,114.22158,121.13259,138.10365,136.85718,138.32963,122.08044,144.23141,121.59918,124.5215,150.41538,151.68728,135.96894,138.00652,145.5106,161.65909
4,Agriculture,N2O,Agriculture,,Crop Residues ,4368.7195,5433.73888,4696.28168,3114.45109,4672.76587,4497.2298,5142.26446,5832.31908,6260.70576,6171.21547,5686.94392,4824.60947,5723.90772,5575.22843,5877.36147,6240.37623,6295.60832,6141.63837,6229.72788,6471.20479,6873.80113
5,Agriculture,N2O,Agriculture,,Cultivated Histosols,1011.04924,1011.04924,1011.04924,1011.04924,1011.04924,1011.04924,1011.04924,1011.04924,1011.04924,1011.04924,1011.04924,1011.04924,1011.04924,1011.04924,1011.04924,1011.04924,1011.04924,1011.04924,1011.04924,1011.04924,1011.04924
6,Agriculture,N2O,Agriculture,,Deposition ,1601.69444,1733.69695,1735.82848,1997.37265,1908.17516,1614.31078,1875.59126,1388.83692,2073.76015,1983.13647,1887.63756,1897.34991,2139.74178,1562.81686,1821.23287,2265.09472,1715.35722,1939.35475,1751.69067,1273.68569,1760.40749
7,Agriculture,N2O,Agriculture,,Feedlot ,3420.29761,3470.09854,3421.26134,3390.77076,3424.31857,3473.59176,3462.66771,3303.8466,3142.0316,3104.2436,3131.69678,3139.73173,3093.32816,3055.75831,3045.21076,3009.32616,3027.05492,3068.34988,3117.24569,3097.50283,3849.29122
8,Agriculture,N2O,Agriculture,,Fertilizer ,10638.39703,7841.79667,10498.02093,10609.40324,11043.58537,9217.00703,11453.88885,10692.43146,10905.94061,10517.38096,9702.29767,8879.39873,10053.68174,11513.562,10032.81504,10228.14005,9727.23242,11107.08934,9736.81901,10894.26691,11296.96412
9,Agriculture,N2O,Agriculture,,Legumes ,4793.25155,5479.29026,5312.21652,5410.80968,5543.6104,5546.7725,5623.37628,6115.8562,6406.06782,6526.00855,6709.70522,6612.61343,6499.1663,6705.8831,6528.63501,6228.38284,6569.64156,5597.38674,6340.49687,6411.20691,6383.80397
10,Agriculture,N2O,Agriculture,,Prescribed Burn ,0,0,0,0,0,0,0,0,0,0,0,0,0,382.22948,258.1633,316.36653,234.96155,274.7292,321.70846,469.37704,384.18819
11,Agriculture,N2O,Agriculture,,Manure Soil Applications ,2045.97376,2034.90272,2026.24265,2056.73703,2088.35272,2122.12427,2187.71207,2254.86399,2257.69973,2254.59453,2261.74538,2271.88856,2282.05151,2296.21795,2271.71117,2266.74102,2271.57063,2274.36364,2292.87044,2312.66097,2413.75763
12,Agriculture,N2O,Agriculture,,Runoff ,3836.94531,3444.84861,3874.62268,3550.63306,4006.05839,3563.18125,4226.36971,4225.41327,4370.47787,4262.21797,3971.47207,3594.57677,4063.41922,4361.62689,4090.92473,4215.43289,4116.24256,4392.69555,4108.3689,4427.57985,4631.51765
13,Agriculture,N2O,Agriculture,,Wildfire ,189.10764,101.39324,53.97647,35.72353,39.40125,42.39053,35.08519,33.32704,75.35037,51.12652,102.75932,15.51706,64.92715,167.59984,70.85178,30.0725,38.32651,151.60745,34.21229,20.18604,49.48041
14,Agriculture,CH4,Energy,,Oil,284.88402,358.26416,427.5281,376.20239,408.16164,395.3505,377.54818,438.40618,346.86653,279.02727,268.92871,311.97449,294.32561,259.87092,320.47149,329.25676,317.64219,328.11408,299.58449,420.24061,453.64701
15,Agriculture,CH4,Energy,,Other,0.3755,0.94815,1.2907,2.10932,2.23685,2.29439,0.92677,5.3487,3.00405,2.91829,2.78589,2.75672,2.5244,2.83902,2.83593,3.6287,6.20668,8.67681,6.77522,15.02942,21.08186
16,Agriculture,CH4,Agriculture,,Agricultural Burning,2568.2135,2467.31019,2525.47171,1391.77717,2994.76087,2491.24148,2817.81949,2806.86231,3266.97955,3171.30836,3194.96911,2738.95711,3310.25723,3019.19463,3226.69507,3593.59795,3503.28715,3380.63876,3497.99421,3633.84941,3899.49402
17,Agriculture,CH4,Agriculture,,Manure ,53655.56524,58282.79361,61989.91894,64666.40983,69022.28601,73441.76448,75370.44649,83867.20876,90438.33194,89905.47131,91588.92563,95044.43341,98770.74359,99197.34056,100583.5545,97171.34285,105381.3768,109958.9618,113826.2597,117440.8555,121226.559
18,Agriculture,CH4,Agriculture,,Prescribed Burn ,0,0,0,0,0,0,0,0,0,0,0,0,0,7096.85726,4793.31972,5873.9794,4362.53257,5100.89887,5973.16294,8714.92639,7133.22455
19,Agriculture,CH4,Agriculture,,Ruminants ,237396.9368,239972.3151,237503.5095,234817.9753,236345.7338,239914.1295,240657.6007,230909.9919,222346.5483,221123.5686,223799.4319,225513.1723,220915.1079,214996.9707,212510.5555,205950.6713,212019.6174,216069.0061,219486.4938,219819.2735,218720.9774
20,Agriculture,CH4,Agriculture,,Wild Rice ,5498.05662,5498.05662,5498.05662,5498.05662,4535.89672,4535.89672,5085.70238,5085.70238,5223.15379,5085.70238,4948.25096,4948.25096,4535.89672,3023.93114,4260.99388,4123.54247,4563.387,4119.96873,3676.55046,3233.1322,2789.71393
21,Agriculture,CH4,Agriculture,,Wildfire ,3511.16267,1882.56893,1002.18138,663.27898,731.56317,787.06524,651.42691,618.7834,1399.03082,949.2664,1907.93302,288.10533,1205.50273,3111.82729,1315.5054,558.35623,711.6086,2814.89645,635.21973,374.79426,918.70301
22,Agriculture,CO2,Energy,,Oil,2193002.411,2777643.276,3376649.307,3001175.024,3288861.505,3159372.916,3098528.905,3395122.854,2669237.938,2195206.953,2166544.875,2466916.858,2572367.411,2155808.335,2730183.978,2768526.665,2644613.142,2707778.83,2385625.004,3344954.157,3393895.423
23,Agriculture,CO2,Agriculture,,Erosion ,115810.6408,112832.5839,116891.9639,110238.4647,111952.6133,106725.9122,107029.0267,117239.601,106450.3294,103710.9119,105793.9697,99851.40301,103616.8089,99045.88429,93111.09689,86904.19069,83988.13222,80216.56242,80284.78493,79170.86242,80636.73065
24,Agriculture,CO2,Agriculture,,Histosol Cultivation ,5158284.304,5158284.304,5158284.304,5158284.304,5158284.304,5158284.304,5158284.304,5158284.304,5158284.304,5158284.304,5158284.304,5158284.304,5158284.304,5158284.304,5158284.304,5158284.304,5158284.304,5158284.304,5158284.304,5158284.304,5158284.304
25,Agriculture,CO2,Agriculture,,Liming of Fields ,49329.96293,45993.63693,52904.59792,59815.55891,41942.38394,42657.31094,47423.49093,54811.06992,65534.9749,70062.84589,74590.71689,47185.18193,32171.71495,32886.64195,36222.96795,33919.31428,31615.66062,29312.00696,24307.51796,26690.60796,28597.07996
26,Agriculture,CO2,Agriculture,,Urea Applications ,243993.932,204948.6684,231288.6759,292186.3869,377618.158,340037.538,319220.0113,349457.248,344068.6162,346183.8074,368197.1702,309442.3631,424735.7011,411822.8856,395560.5982,395895.4802,375228.2447,425730.1158,400554.6396,469494.1304,457601.4778
27,Agriculture,CO,Energy,,Energy,17590,18339.66667,19089.33333,19839,20588.66667,21338.33333,22088,22684,22210,24328,25074,25710,27733.64332,28216.44994,28699.25655,29182.06316,29182.06316,29182.06316,29182.06316,29182.06316,29182.06316
28,Agriculture,Biomass CO2,Biomass,,Ethanol,2551.5049,6442.61033,8770.22599,14332.7099,15199.2503,15590.27006,6297.3811,36344.14598,20412.38438,19829.65234,18930.00128,18731.76535,17153.14368,19290.99908,19269.99727,17925.05583,16334.04077,34144.59649,18341.20214,20226.82226,18743.24729
29,Agriculture,Biomass CO2,Biomass,,Biodiesel,0,0,0,0,0,0,0,0,0,0,0,0,0,0,0,6771.17119,25991.26124,24959.11766,27858.20899,82376.72757,125235.7456
30,Agriculture,Biomass CO2,Agriculture,,Prescribed Burn ,0,0,0,0,0,0,0,0,0,0,0,0,0,2636964.186,1781043.632,2182582.058,1620976.967,1895330.165,2219435.472,3238186.697,2650477.105
31,Commercial,N2O,Energy,,Coal,6.132,4.1331,4.0791,5.58247,5.32866,5.05262,5.41775,4.79074,3.31589,1.97368,1.33803,1.70148,1.97157,1.77223,1.68957,1.83093,1.63326,1.61607,1.78597,1.58808,1.47478
32,Commercial,N2O,Energy,,Oil,5.73371,4.823,4.30423,3.82555,4.63922,4.5183,5.46909,3.97184,4.06737,3.73567,3.83075,6.05589,4.28843,4.02457,4.87708,5.8168,4.13344,3.16522,4.48676,5.89754,5.2594
33,Commercial,N2O,Energy,,Natural gas,7.83251,8.65775,8.25793,8.74179,8.40153,8.93525,9.93834,9.07682,8.01168,7.90633,9.40989,9.35815,10.06901,10.09442,9.51482,9.70495,8.40763,8.95682,10.25401,9.68234,9.00773
34,Commercial,N2O,Energy,,Other,4.65117,4.782,5.04441,5.27092,5.04878,5.09957,5.30044,5.04516,4.41721,4.63354,4.94798,5.26515,5.39437,5.62414,5.50061,6.42272,5.97434,6.28843,6.65751,6.67351,6.57971
35,Commercial,N2O,other,,Medical Uses,271.56284,271.78826,252.60204,292.22416,292.8237,293.19964,293.79984,313.72657,314.13067,315.20149,308.3908,308.31089,269.11103,268.42414,267.62567,266.63049,266.28742,265.89545,265.47139,265.99506,265.10903
36,Commercial,CH4,Energy,,Coal,40.88,27.55403,27.19403,37.2165,35.52438,33.68415,36.11832,31.93823,22.10595,13.15786,8.92022,11.34318,13.14377,11.81484,11.26378,12.20619,10.88841,10.77381,11.90648,10.58721,9.83187
37,Commercial,CH4,Energy,,Oil,101.40259,86.57041,78.61663,72.24122,85.46924,84.18433,102.66864,77.07313,75.35204,71.70784,74.4425,110.20667,80.30068,79.69038,90.95003,106.13804,77.70073,60.26972,87.27137,110.59663,96.40045
38,Commercial,CH4,Energy,,Natural gas,391.62531,432.88755,412.89641,437.08955,420.07635,446.76241,496.91719,453.84119,400.58382,395.31648,470.49435,467.90744,503.45073,504.72092,475.74079,485.24756,420.38135,447.84081,512.70039,484.11683,450.38656
39,Commercial,CH4,Energy,,Other,348.48451,358.23069,377.80072,394.60162,377.87355,381.54238,396.6681,377.11042,329.84732,346.85274,370.41537,392.7687,402.30351,418.9415,409.50156,478.49211,444.31664,470.82652,497.16754,495.26324,488.92389
40,Commercial,CO2,Energy,,Coal,390704.502,261265.1809,256595.3323,357080.0447,340846.5251,323538.6132,346579.6688,300644.8247,209362.4726,124541.5314,86536.21334,110099.8757,127615.5636,114707.5162,109463.9186,118613.951,105784.6503,104678.2087,115694.0411,103008.4403,95534.42599
41,Commercial,CO2,Energy,,Oil,789375.1005,686643.0943,634311.5575,602456.9165,697583.9225,687921.3088,852684.3946,658118.9377,616965.6374,607073.4311,637061.2806,887523.0789,663175.291,690647.1827,748635.324,857133.7394,643934.0204,506414.232,747224.7048,880311.7282,783290.3524
42,Commercial,CO2,Energy,,Natural gas,4361473.771,4821005.315,4598366.952,4867802.339,4678328.841,4975527.623,5534094.098,5054362.908,4461243.419,4402581.819,5239826.778,5211016.727,5606857.08,5621003.072,5298255.56,5404131.072,4681725.556,4987537.627,5709869.294,5391538.345,5015889.18
43,Commercial,CO2,Energy,,Other,104.1749,0,0,0,0,0,54.45237,33.1286,98.36875,129.84833,16.68773,0,0,0,0,0,0,0,0,0,0
44,Commercial,CO2,other,,Limestone use,0,0,0,0,0,0,0,0,0,0,1623.93987,1172.67516,1432.17974,1295.33333,1207.9268,1488.01307,,,,,
45,Commercial,CO2,other,,Solvent uses,87575.11386,90332.99739,93090.88091,95848.76443,98606.64796,101364.5315,104122.415,104807.7819,105367.977,83938.97576,84129.81145,86001.23242,73232.69612,73232.69612,73232.69612,73232.69612,82830.99513,92429.29415,102027.5932,102027.5932,102027.5932
46,Commercial,CO,Energy,,Coal,223,217.16667,211.33333,205.5,199.66667,193.83333,188,194,205,635,138,140,379.63972,379.63972,379.63972,379.63972,269.50981,159.37991,49.25,49.25,49.25
47,Commercial,CO,Energy,,Oil,103.02,249.55,396.08,542.61,689.14,835.67,982.2,964.8,725.2,134.6,137.2,141.1,934.61625,934.61625,934.61625,934.61625,712.3375,490.05875,267.78,267.78,267.78
48,Commercial,CO,Energy,,Natural gas,828.7,863.58333,898.46667,933.35,968.23333,1003.11667,1038,1054,1015,2423,2469,2533,5246.09835,5246.09835,5246.09835,5246.09835,4803.0689,4360.03945,3917.01,3917.01,3917.01
49,Commercial,CO,Energy,,Other,29,45.66667,62.33333,79,95.66667,112.33333,129,134,142,300,320,340,591.21048,591.21048,591.21048,591.21048,694.16365,797.11683,900.07,900.07,900.07
50,Commercial,Biomass CO2,Biomass,,Solid biomass,141349.4467,145834.3807,153791.0499,160611.0521,153791.0499,155268.7171,161383.2615,153391.266,134062.3405,141048.1605,150749.6948,159701.7185,163566.3864,170272.7219,166408.054,194483.7298,180502.7252,191642.0622,202213.0656,201076.3986,198575.7311
51,Commercial,Biomass CO2,Biomass,,Liquid biofuels,818.76701,970.90841,1227.44011,1662.94128,1818.07429,2144.66745,2004.65438,2958.7037,3344.20903,1535.49557,1582.20983,4907.32867,5270.05856,6648.06899,7054.67678,7466.50135,8776.54723,1836.44164,5053.87632,12514.03063,10832.57302
52,Electricity Generation,N2O,Energy,,Coal,275.86667,268.3821,263.33633,291.69767,288.62494,293.74437,300.45059,300.41532,300.34624,295.03916,314.49481,314.80461,344.33955,341.92466,319.54331,328.20673,305.22016,292.07657,316.22504,283.9397,276.68915
53,Electricity Generation,N2O,Energy,,Oil,68.74014,90.4933,100.71525,105.32256,100.58407,79.31473,98.58475,117.92477,98.84777,119.41866,116.99876,90.85171,96.71903,123.11058,114.23145,104.87178,71.74644,35.66291,27.17537,1.54844,0.87039
54,Electricity Generation,N2O,Energy,,Natural gas,9.08951,10.32426,9.36273,6.90566,11.59293,17.11306,12.4595,20.73932,38.65242,50.60371,33.32612,28.28892,40.2552,40.80949,35.1646,57.19737,59.17289,85.30839,54.41493,52.44263,63.96175
55,Electricity Generation,N2O,Energy,,Other,151.11751,167.79153,174.01619,188.21532,189.26964,186.6001,188.23458,193.81041,191.21466,187.0989,186.76843,182.64587,209.23425,212.56939,219.61906,225.60998,214.53408,235.69616,244.13415,248.83695,246.15067
56,Electricity Generation,N2O,Energy,,Energy-Net Electricity Imports,123.97455,163.25902,159.53531,136.65808,166.76337,188.84963,219.84877,244.36721,220.16799,243.55106,224.75609,255.70952,214.01711,210.71383,242.04441,228.90903,232.18058,236.03113,241.03128,217.56337,232.86602
57,Electricity Generation,CH4,Energy,,Coal,213.47994,211.18806,210.46195,232.4498,229.34178,232.61428,235.97133,237.95384,249.41723,235.74948,257.40367,247.60803,276.80104,282.39204,275.74036,276.70105,278.89385,272.28052,255.42961,239.74617,223.6393
58,Electricity Generation,CH4,Energy,,Oil,8.97329,11.19292,11.77889,12.76664,13.25404,10.92983,12.87742,16.83201,13.65257,16.06387,16.14666,14.05024,12.26609,17.27431,15.40236,15.16354,10.1289,9.73492,5.76804,2.23515,1.33919
59,Electricity Generation,CH4,Energy,,Natural gas,49.73777,52.18203,33.22837,21.96497,26.9957,40.32421,30.95434,42.05566,74.33901,77.74096,69.67316,71.86645,74.32175,90.35682,48.92437,102.92858,122.43723,126.60357,85.28384,96.12221,138.93594
60,Electricity Generation,CH4,Energy,,Other,19.02807,22.2918,29.02219,38.1738,89.30722,207.04353,298.61164,296.75589,330.5612,299.31262,325.54659,317.14034,325.02237,385.84036,364.61673,278.96516,362.47005,455.36716,493.74609,678.7249,653.98974
61,Electricity Generation,CH4,Energy,,Hydroelectric,114.336,114.336,212.40472,212.40472,212.40472,212.40472,212.40472,212.40472,212.40472,212.40472,212.40472,212.40472,212.40472,212.40472,212.40472,212.40472,212.40472,212.40472,212.40472,212.40472,212.40472
62,Electricity Generation,CH4,Energy,,Coal storage,2321.58956,2258.75923,2111.93443,2242.02519,2496.48134,2346.49035,2345.65466,2276.14475,2270.56216,2158.29711,2450.97042,2633.51475,2517.70007,3200.86478,2463.07547,2523.12084,2482.09192,2717.93151,2606.50648,2334.93837,2271.27632
63,Electricity Generation,CH4,Energy,,Energy-Net Electricity Imports,669.74501,811.73295,760.28024,636.92058,867.00354,998.5829,1149.76847,1190.05807,1102.81093,1120.19698,1149.37629,1450.08571,1059.47868,1228.69006,1188.20679,1090.14008,1237.64255,1380.48009,1373.88834,1302.82237,1356.6015
64,Electricity Generation,CO2,Energy,,Coal,31806676.81,31205452.01,30758039.01,33842221.37,33491547.26,33782840.05,34384033.74,34563714.67,35654458.34,34118033.08,37107166.59,36197905.1,39736245.39,40670337.15,39045675.27,39169293.62,38357368.49,37385279.66,36581405.55,33809548.52,32206057.64
65,Electricity Generation,CO2,Energy,,Oil,562291.3004,711201.4125,754063.7666,816526.4021,839740.6672,663322.752,810207.8979,1010867.333,825287.9013,964627.5546,956628.7469,818868.8389,757207.273,1045429.953,957602.9634,908661.6812,607692.7731,476137.2006,333693.9943,115440.0003,68666.28707
66,Electricity Generation,CO2,Energy,,Natural gas,485641.9568,553839.3508,506776.7275,401888.0253,566940.7423,813283.1916,568820.924,716005.3207,1210454.624,1470527.306,957642.8808,933457.2383,1268676.058,1282694.548,1080071.925,1769486.49,1927877.246,2463374.474,1679155.322,1772776.695,2405717.627
67,Electricity Generation,CO2,Energy,,Other,468915.0459,517797.0494,525925.4032,558737.2048,557459.0976,552422.7608,558667.6559,587017.6037,582604.3838,557315.2218,561614.2679,548103.1426,579923.8145,571936.1193,564427.1552,573055.3488,530138.3129,559454.7003,549106.0834,520976.9042,485620.7581
68,Electricity Generation,CO2,Energy,,FGD,0,2962.35033,2997.52742,3065.68302,2102.27059,1858.22956,1819.97447,1827.00989,1446.65765,1477.4376,2353.03924,3182.07521,2342.0464,2167.52408,6095.70528,6210.95421,5857.20464,5800.12981,6012.24764,6128.9916,6447.34422
69,Electricity Generation,CO2,Energy,,Energy-Net Electricity Imports,8183748.05,10030182.54,9485265.737,8221170.642,10020921.11,11726308.01,13315484.59,14239641.25,13395781.97,13859568.44,13654424.89,15967152.6,13123525.83,12780013.75,14642311.65,13566208.1,14783132.56,14876936.75,14699324.29,13241386.44,13626708.11
70,Electricity Generation,CO,Energy,,Coal,5362.02172,5116.51938,4170.73858,4561.9025,4153.78329,3649.07784,4999.98823,5093.33102,5182.98068,5296.37399,5566.37162,5534.07135,5756.12951,6208.36438,5818.69539,5923.27981,5802.4844,5975.25889,6126.50506,5695.7289,5935.69715
71,Electricity Generation,CO,Energy,,Oil,77.95,93.65694,94.28273,101.98172,112.93257,111.55739,111.59946,161.00014,185.73115,219.95813,196.6355,169.53371,148.99669,205.30288,155.31529,249.35923,1497.96247,2223.80953,104.48126,74.33268,63.15152
72,Electricity Generation,CO,Energy,,Natural gas,202.71645,226.59457,191.97648,186.58245,232.92242,363.58863,236.4943,297.90269,515.09295,643.9482,441.50103,404.22252,607.74797,641.48177,478.82101,875.40508,888.9717,1097.92817,1507.95598,1353.63946,1555.95907
73,Electricity Generation,CO,Energy,,Other,1337.00194,1149.97641,1204.44656,1550.47256,1634.06279,2336.08411,1444.27074,2000.6396,1294.89237,1112.772,1084.47436,1548.88772,1484.35046,1550.95,1857.642,1864.04585,1699.76825,2669.40155,2562.49103,2672.85753,2827.95937
74,Electricity Generation,CO,Energy,,Energy-Net Electricity Imports,1714.10513,2002.53926,1649.89032,1477.24905,1733.479,2115.26606,2489.94021,2916.26532,2512.50533,2716.14085,2514.23127,3175.35393,2478.52839,2524.20446,2921.32608,2849.69711,3528.76952,4353.70866,3867.85526,3641.92227,4087.1505
75,Electricity Generation,SF6,Energy,,Energy,23.96198,24.03574,24.64253,24.6806,24.71629,24.67108,23.87393,23.40279,23.34806,15.60788,13.98684,14.13143,14.50155,14.87168,15.10735,15.34302,16.23714,16.33998,16.44282,16.33937,16.23592
76,Electricity Generation,SF6,Energy,,Energy-Net Electricity Imports,5.8847,7.30748,7.18147,5.69594,6.98521,8.07793,8.75171,9.03613,8.17169,5.8288,4.82456,5.86051,4.49437,4.36193,5.31059,4.90603,5.79392,5.94494,6.17375,5.97258,6.2902
77,Electricity Generation,Biomass CO2,Biomass,,Solid biomass,1069443.428,1194693.816,1279309.88,1422070.327,1435553.542,1393006.142,1386801.355,1394895.362,1363647.752,1379337.519,1355430.796,1323686.524,1641692.399,1718091.654,1879078.588,1954920.995,1888350.555,2118302.273,2206881.52,2370852.928,2403184.304
78,Electricity Generation,Biomass CO2,Biomass,,Liquid biofuels,0,0,0,0,0,0,0,0,0,0,0,0,0,0,0,384.81728,856.63472,3029.20198,1053.46528,1496.67889,923.49669
79,Electricity Generation,Biomass CO2,Biomass,,Biogas,0,0,0,0,9285.88278,32159.50301,80611.84177,84359.3604,94788.78343,73480.07719,79345.18217,90314.15537,82518.45921,91680.37651,86253.00382,57631.74278,81468.8464,86504.92792,83612.12025,103921.7035,94688.9914
80,Waste,N2O,Energy,Incinerated Waste,Waste Sector RDF (energy),4.47692,4.51391,4.41337,3.80213,3.76758,3.13249,3.25322,4.54521,5.89628,2.29424,0,0,0,0,0,0,0,0,0,0,0
81,Waste,N2O,Energy,Incinerated Waste,Waste Sector Mass Burn (energy),2.981,3.1978,3.08019,3.18561,3.27151,2.49374,0,0,0,0,0,0,0,0,0,0,0,0,0,0,0
82,Waste,N2O,Energy,Incinerated Waste,Sludge Incineration (energy),2.43924,2.2621,2.22012,2.15986,2.3811,2.46728,2.51765,2.22757,2.08698,1.99786,2.06674,1.81942,1.37483,1.49194,1.25981,5.29966,5.67166,5.52252,5.72539,5.45137,5.75412
83,Waste,N2O,Energy,Associated Incinerator Fuels,Bituminous coal,0,0,0,0,0,0,0,0,0,9.29557,39.03199,19.90788,0,0,0,0,0,0,0,0,0
84,Waste,N2O,Energy,Associated Incinerator Fuels,Wood,0.29657,0.69835,0.36097,0.23302,0.34678,0.78905,0.35967,0.25297,0.3495,0.12636,0,0,0,0,0,0,0,0,0,0,0
85,Waste,N2O,Energy,Associated Incinerator Fuels,Natural gas-steam,0.48796,0.64352,0.67698,1.12956,0.75955,0.88685,0.92352,1.04569,0.42362,0.48369,0.53633,0.4159,0.39632,0.62588,0.63068,0.24732,0.22308,0.25188,0.29178,0.27471,0.26466
86,Waste,N2O,Energy,Associated Incinerator Fuels,Propane,0,0.11951,0.14876,0.07028,0.30316,0.11056,0.10649,0.2009,0.12963,0.061,0.001,0,0,0.01273,0.00246,0.00024,0.0001,0.0001,0,0,0
87,Waste,N2O,Energy,Associated Incinerator Fuels,Distillate fuel oil-steam,0.01192,0.00917,0.01822,0.02002,0.02379,0.02033,0.05351,0.02072,0.01212,0.01125,0.01325,0.00438,0.005,0.02233,0.01561,0.00622,0.00254,0.00634,0.00791,0.00173,0.00006
88,Waste,N2O,Energy,Associated Incinerator Fuels,Natural gas-internal combustion engine,0,0,0,0.00047,0.00277,0.00231,0,0,0,0,0,0,0,0,0,0,0,0,0,0,0
89,Waste,N2O,Energy,Associated Incinerator Fuels,Distillate fuel oil-internal combustion engine,0,0,0.00129,0.00087,0.00271,0.00709,0.00386,0.00461,0.0047,0.00632,0.00408,0.00592,0.00778,0.00369,0.01066,0.01295,0.01363,0.01515,0.01185,0.00626,0.00457
90,Waste,N2O,Energy,Waste Processing,Landfill Operations (energy),0.27207,0.21722,0.21336,0.19928,0.20388,0.21157,0.2326,0.30897,0.35503,0.39676,0.38597,0.3966,0.39343,0.36562,0.4802,0.44021,0.46294,0.45909,0.44607,0.34829,0.42948
91,Waste,N2O,Energy,Waste Processing,Yard Waste Preprocessing (energy),0.01687,0.05869,0.06909,0.07223,0.07381,0.07337,0.07337,0.07337,0.07337,0.07337,0.07337,0.07337,0.07337,0.07337,0.07337,0.07334,0.07324,0.07324,0.07324,0.07324,0.07324
92,Waste,N2O,Energy,Waste Processing,MMSW Compost Preprocessing (energy),0.00636,0.01113,0.01608,0.01551,0.00904,0.01055,0.00988,0.00546,0.00317,0.00348,0.00256,0.00252,0.00261,0.003,0.00396,0.0038,0.00278,0.00278,0.00273,0.00259,0.00252
93,Waste,N2O,Energy,Waste Processing,MRF (energy),0.08994,0.11675,0.13331,0.14397,0.15746,0.17296,0.18483,0.19585,0.20611,0.21292,0.22194,0.2217,0.22444,0.2277,0.23714,0.24278,0.24576,0.25271,0.25315,0.24014,0.23752
94,Waste,N2O,Energy,Waste Processing,RDF Processing (energy),0.05566,0.06026,0.06217,0.06632,0.06471,0.06445,0.06534,0.07072,0.0725,0.06536,0.06428,0.06077,0.06588,0.06343,0.06181,0.06321,0.05688,0.06233,0.06039,0.05514,0.0528
95,Waste,N2O,Energy,Waste Processing,Incinerator Ash Disposal (energy),0.00013,0.00013,0.00013,0.00012,0.00012,0.00009,0.00006,0.00008,0.00009,0.00004,0,0,0,0,0,0,0,0,0,0,0
96,Waste,N2O,Energy,Waste Processing,Hazardous Waste (energy),8.965,8.2315,9.617,7.78488,7.78488,8.09458,7.5306,3.98209,3.61861,1.67822,9.28504,14.34194,13.08775,14.68171,12.80143,10.74434,12.36967,11.56255,12.10115,10.07958,11.27194
97,Waste,N2O,Waste,,LFG Combustion/Flaring,0,0,0,0,0.0354,0.05649,0.0578,0.0765,0.05864,0.11412,0.11309,0.08617,0.11574,0.14147,0.15758,0.19844,0.15522,0.11771,0.10727,0.11596,0.12034
98,Waste,N2O,Waste,,Rural Open Burning,14.39985,14.09398,13.48978,12.93923,12.17088,11.427,10.54297,9.66482,9.29354,9.54614,11.52756,10.47481,9.89294,9.71906,9.66506,9.4727,9.19023,8.52339,8.57067,8.45103,8.21728
99,Waste,N2O,Waste,,Medical Waste Incineration,0.31201,0.75688,0.87101,0.86803,0.50568,0.85371,1.6677,1.60637,1.13768,1.00728,0.70816,0.75362,0.5852,0.47755,0.62903,0.61587,0.58751,0.74439,0.61732,0.60976,0.60371
100,Waste,N2O,Waste,,Misc. Industrial/Comm Waste Incineration,13.02989,13.63394,14.53015,14.47335,1.27789,0.53941,0.63192,0.57099,0,0,0,0,0,0,0,0,0,0,0,0,0
101,Waste,N2O,Waste,,Municipal Wastewater,248.04383,260.72915,264.75902,262.06248,260.99393,261.25154,264.35962,273.01821,285.76506,296.69325,299.60217,292.51466,307.88166,304.71184,318.89822,305.62096,309.15309,310.83527,316.26728,318.18519,319.7729
102,Waste,N2O,Waste,,Biosolids Land Application,35.98383,34.44619,39.88472,64.2303,83.08394,72.59113,73.21207,70.31853,56.61996,61.35506,61.91705,78.52137,71.52267,80.83344,75.48678,95.69169,83.55522,88.36297,78.17678,84.28893,82.22673
103,Waste,N2O,Waste,,MMSW Waste Composting ,15.5217,27.14214,39.21242,37.83523,22.04752,25.74072,24.10687,13.30816,7.73391,8.48421,6.25376,6.13981,6.37262,7.31069,9.6566,9.26253,6.78071,6.78752,6.67395,6.33098,6.15874
104,Waste,CH4,Energy,Incinerated Waste,Waste Sector RDF (energy),0.04956,0.04997,0.04886,0.04209,0.04171,0.03468,0.03601,0.05032,0.06527,0.0254,0,0,0,0,0,0,0,0,0,0,0
105,Waste,CH4,Energy,Incinerated Waste,Waste Sector Mass Burn (energy),0.033,0.0354,0.0341,0.03527,0.03622,0.02761,0,0,0,0,0,0,0,0,0,0,0,0,0,0,0
106,Waste,CH4,Energy,Incinerated Waste,Sludge Incineration (energy),312.3856,274.3264,270.6672,263.51104,297.83328,314.3312,315.944,308.30496,292.74088,288.7725,287.08675,294.17696,263.18048,285.59962,241.1625,162.93642,171.95459,167.37862,172.93501,165.03734,175.15056
107,Waste,CH4,Energy,Associated Incinerator Fuels,Bituminous coal,0,0,0,0,0,0,0,0,0,0.15214,0.63882,0.32582,0,0,0,0,0,0,0,0,0
108,Waste,CH4,Energy,Associated Incinerator Fuels,Wood,0.46748,1.10079,0.56898,0.3673,0.54662,1.24375,0.56694,0.39876,0.55091,0.19917,0,0,0,0,0,0,0,0,0,0,0
109,Waste,CH4,Energy,Associated Incinerator Fuels,Natural gas-steam,0.48796,0.64352,0.67698,1.12956,0.75955,0.88685,0.92352,1.04569,0.42362,0.48369,0.53633,0.4159,0.39632,0.62588,0.63068,0.24732,0.22308,0.25188,0.29178,0.27471,0.26466
110,Waste,CH4,Energy,Associated Incinerator Fuels,Propane,0,0.02689,0.03347,0.01581,0.06821,0.02487,0.02396,0.0452,0.02917,0.01372,0.00022,0,0,0.00286,0.00055,0.00005,0.00002,0.00002,0,0,0
111,Waste,CH4,Energy,Associated Incinerator Fuels,Distillate fuel oil-steam,0.00596,0.00459,0.00911,0.01001,0.01189,0.01017,0.02676,0.01036,0.00606,0.00563,0.00663,0.00219,0.0025,0.01117,0.00781,0.00311,0.00127,0.00317,0.00396,0.00087,0.00003
112,Waste,CH4,Energy,Associated Incinerator Fuels,Natural gas-internal combustion engine,0,0,0,0.0546,0.32217,0.26812,0,0,0,0,0,0,0,0,0,0,0,0,0,0,0
113,Waste,CH4,Energy,Associated Incinerator Fuels,Distillate fuel oil-internal combustion engine,0,0,0.00245,0.00166,0.00514,0.01345,0.00731,0.00874,0.0089,0.01198,0.00774,0.01122,0.01474,0.007,0.02021,0.02455,0.02584,0.02873,0.02246,0.01187,0.00866
114,Waste,CH4,Energy,Waste Processing,Landfill Operations (energy),0.61215,0.48874,0.48006,0.44838,0.45873,0.47603,0.52335,0.69519,0.79882,0.89271,0.86844,0.89235,0.88522,0.82264,1.08046,0.99047,1.04161,1.03296,1.00365,0.78366,0.96632
115,Waste,CH4,Energy,Waste Processing,Yard Waste Preprocessing (energy),0.03795,0.13206,0.15545,0.16251,0.16608,0.16508,0.16508,0.16508,0.16508,0.16508,0.16508,0.16508,0.16508,0.16508,0.16508,0.16501,0.1648,0.16478,0.16478,0.16478,0.16478
116,Waste,CH4,Energy,Waste Processing,MMSW Compost Preprocessing (energy),0.01432,0.02504,0.03617,0.0349,0.02034,0.02375,0.02224,0.01228,0.00713,0.00783,0.00577,0.00566,0.00588,0.00674,0.00891,0.00854,0.00624,0.00625,0.00615,0.00583,0.00567
117,Waste,CH4,Energy,Waste Processing,MRF (energy),0.20238,0.26269,0.29994,0.32394,0.35429,0.38916,0.41587,0.44066,0.46374,0.47906,0.49935,0.49883,0.505,0.51232,0.53356,0.54624,0.55297,0.56859,0.56959,0.54032,0.53443
118,Waste,CH4,Energy,Waste Processing,RDF Processing (energy),0.12524,0.13558,0.13987,0.14923,0.1456,0.14502,0.14701,0.15913,0.16312,0.14705,0.14464,0.13672,0.14824,0.14272,0.13907,0.14222,0.12798,0.14024,0.13587,0.12406,0.11879
119,Waste,CH4,Energy,Waste Processing,Incinerator Ash Disposal (energy),0.00029,0.0003,0.0003,0.00028,0.00028,0.0002,0.00014,0.00019,0.00021,0.00008,0,0,0,0,0,0,0,0,0,0,0
120,Waste,CH4,Waste,,LFG Combustion/Flaring,0,0,0,0,102.84004,147.83248,160.57486,209.76468,161.25884,258.92065,238.30196,185.88652,238.81385,274.24784,304.81178,382.13479,298.90335,226.66848,206.63273,223.44951,231.86827
121,Waste,CH4,Waste,,Rural Open Burning,623.9936,610.73893,584.5572,560.69985,527.40459,495.17012,456.86211,418.8089,402.72027,413.66616,499.52767,453.90854,428.694,421.15928,418.8193,410.48379,398.24311,369.34701,371.39579,366.21144,356.08195
122,Waste,CH4,Waste,,Municipal Wastewater,16005.04418,16098.09011,16202.40436,16324.77095,16423.33494,16503.44802,16591.44251,16634.85706,16672.06656,16739.34418,16774.23482,16944.95953,17067.35231,17175.29275,17291.2483,17370.11572,17498.20018,17629.54289,17733.83946,17854.6979,17982.55418
123,Waste,CH4,Waste,,MMSW composting,164.0092,286.796,414.336,399.784,232.964,271.988,254.724,140.62,81.72,89.648,66.08,64.876,67.336,77.248,102.036,97.872,71.648,71.72,70.52,66.896,65.076
124,Waste,CH4,Waste,,MMSW Landfills,204556.7329,204540.9864,199584.1601,194108.8541,179942.5474,165443.381,142797.6076,135263.3537,131038.6153,127728.2431,124922.5385,121889.9084,110396.9961,101827.0622,92023.90716,89582.92362,86073.11187,82988.72812,80342.11805,80243.4649,80526.49961
125,Waste,CH4,Waste,,Industrial Landfills,3094.1561,3585.7819,4052.0548,4484.1564,3192.94536,3548.4914,4022.10334,4567.01558,4660.33859,4747.33112,4836.49349,5245.37788,5652.74649,5639.1464,5498.65825,5477.3287,5606.2978,5691.1749,5838.8831,5905.0211,5940.2947
126,Waste,CO2,Energy,Incinerated Waste,Waste Sector RDF (energy),16326.82154,16461.72536,16095.06369,13865.93863,13739.92957,11423.83354,11864.12404,16575.87475,21503.07625,8366.8487,0,0,0,0,0,0,0,0,0,0,0
127,Waste,CO2,Energy,Incinerated Waste,Waste Sector Mass Burn (energy),8993.90389,9672.20725,9339.77788,9795.7407,10199.89081,7881.67212,0,0,0,0,0,0,0,0,0,0,0,0,0,0,0
128,Waste,CO2,Energy,Associated Incinerator Fuels,Bituminous coal,0,0,0,0,0,0,0,0,0,13452.44729,56486.66738,28810.4689,0,0,0,0,0,0,0,0,0
129,Waste,CO2,Energy,Associated Incinerator Fuels,Natural gas-steam,28667.75656,37806.96779,39772.98739,66362.62242,44623.81772,52102.79087,54257.11551,61434.96418,24888.10643,28416.96799,31509.73944,24434.46876,23284.2022,36770.59348,37052.86285,14530.20339,13106.10988,14798.25796,17142.34597,16139.44923,15549.23054
130,Waste,CO2,Energy,Associated Incinerator Fuels,Residual fuel oil,19527.39214,10413.78363,9249.81733,3751.93394,5205.65355,3884.5518,4655.86521,6147.7233,9254.77038,11217.29186,9477.65754,26152.09397,7201.73194,387.57601,0,0,0,0,0,0,0
131,Waste,CO2,Energy,Associated Incinerator Fuels,Waste solvent,0,6637.12071,11899.32,12849.26571,10459.77726,12973.63361,6937.10357,7392.51505,0,6731.30283,2044.25818,7818.30321,18633.31018,22395.59518,19230.15107,18473.94429,24036.12643,20330.08821,17655.24107,10936.875,12399.29143
132,Waste,CO2,Energy,Associated Incinerator Fuels,Propane,0,1844.6415,2296.03349,1084.76071,4679.15958,1706.40383,1643.61841,3100.88849,2000.82114,941.52216,15.42991,0,0,196.51997,37.98891,3.69541,1.57718,1.57106,0,0,0
133,Waste,CO2,Energy,Associated Incinerator Fuels,Distillate fuel oil-steam,2203.30987,1694.85375,3367.10945,3698.28387,4394.86876,3757.0388,9887.43781,3828.9006,2432.34111,2492.22594,3123.05051,1003.12744,1581.97649,7517.35432,5240.26181,2120.26204,1646.15495,2355.28176,2633.57675,2610.63973,1503.44827
134,Waste,CO2,Energy,Associated Incinerator Fuels,Natural gas-internal combustion engine,0,0,0,11.78471,69.53045,57.86444,0,0,0,0,0,0,0,0,0,0,0,0,0,0,0
135,Waste,CO2,Energy,Associated Incinerator Fuels,Distillate fuel oil-internal combustion engine,0,0,45.1961,30.62036,95.0248,248.46556,135.02335,161.46307,164.5138,221.3479,142.93267,207.22412,272.41949,129.26085,373.43278,451.61243,469.27384,521.09747,407.48804,215.37072,157.15972
136,Waste,CO2,Energy,Waste Processing,Landfill Operations (energy),10893.7269,8697.57133,8543.12503,7979.29394,8163.54146,8471.36037,9313.46633,12371.47253,14215.59133,15886.53658,15454.63538,15880.17107,15753.30351,14639.62907,19227.64891,17545.99562,18217.94792,18047.21909,17535.11564,13691.66248,16882.93563
137,Waste,CO2,Energy,Waste Processing,Yard Waste Preprocessing (energy),675.32182,2350.13844,2766.3143,2892.03516,2955.48314,2937.7465,2937.7465,2937.7465,2937.7465,2937.7465,2937.7465,2937.7465,2937.7465,2937.7465,2937.7465,2923.05777,2882.38128,2878.99157,2878.99157,2878.99157,2878.99157
138,Waste,CO2,Energy,Waste Processing,MMSW Compost Preprocessing (energy),254.80731,445.57084,643.71901,621.11079,361.93658,422.56489,395.74327,218.46947,126.96149,139.27856,102.66294,100.79239,104.61428,120.01372,158.52476,151.29522,109.21564,109.19683,107.36978,101.85208,99.08105
139,Waste,CO2,Energy,Waste Processing,MRF (energy),3601.45223,4674.75943,5337.63085,5764.85272,6304.90627,6925.4021,7400.767,7841.95071,8252.69363,8525.30026,8886.42594,8877.03571,8986.86409,9117.20197,9495.15555,9676.63093,9671.44764,9934.05244,9951.60812,9440.09959,9337.1516
140,Waste,CO2,Energy,Waste Processing,RDF Processing (energy),2228.77855,2412.806,2489.13995,2655.63403,2591.03253,2580.77527,2616.17698,2831.77568,2902.91116,2616.87055,2573.92481,2433.12843,2638.07376,2539.80772,2474.91426,2519.38349,2238.44377,2450.19235,2373.79255,2167.43441,2075.44066
141,Waste,CO2,Energy,Waste Processing,Incinerator Ash Disposal (energy),5.24735,5.37656,5.28801,4.92416,4.9107,3.53886,2.5562,3.31548,3.7257,1.46548,0.00288,0,0,0,0,0,0,0,0,0,0
142,Waste,CO2,Energy,Waste Processing,Hazardous Waste (energy),86896.45641,79786.74634,93216.19869,75457.72287,75457.72287,78459.60046,72993.02338,38597.826,35074.61865,16266.73067,89998.5651,139014.4073,126857.6404,142307.7514,124082.3872,104143.3491,119897.446,112074.1201,117294.7012,97699.89785,109257.2845
143,Waste,CO2,Waste,,Rural Open Burning,28453.44141,27918.89999,26788.90871,26058.18692,24851.88356,23653.18754,22118.752,20547.26939,20018.38164,20829.99759,25153.52082,22856.38726,21586.71889,21207.31088,21089.4823,20669.75073,20053.37635,18598.32435,18701.48982,18440.43406,17930.36724
144,Waste,CO2,Waste,,Medical Waste Incineration,2356.74614,5717.08275,6579.20694,6556.65435,3819.69196,6448.47365,12596.99779,12133.70599,8593.45093,7608.52787,5349.06541,5692.47992,4420.30856,3607.18501,4751.42165,4651.98521,4437.73556,5622.7719,4662.95398,4605.85491,4560.11414
145,Waste,CO2,Waste,,Misc. Industrial/Comm Waste Incineration,49236.45003,51518.99059,54905.51551,54690.88586,4828.81205,2038.30156,2387.85694,2157.63263,0,0,0,0,0,0,0,0,0,0,0,0,0
146,Waste,CO2,Waste,,Limestone use,0,0,0,0,0,0,0,0,0,0,608.12387,0,0,0,0,0,0,0,0,0,0
147,Waste,CO2,Waste,,Sequestration in demolition/construction landfills,-422196.67,-491010,-561917.13,-633593.44,-704714.31,-773955.12,-839991.25,-901498.08,-957150.99,-1005625.36,-1045596.57,-1075740,-1094731.03,-1101245.04,-1093957.41,-1071543.52,-1032678.75,-976038.48,-900298.09,-804132.96,-686218.47
148,Waste,CO,Energy,Incinerated Waste,Waste Sector RDF (energy),20.85,33.82,28.67,23.4,24.71,14.14,34.88,16.21,2.05,53.67,1.75,0,0,0,0,0,0,0,0,0,0
149,Waste,CO,Energy,Incinerated Waste,Waste Sector Mass Burn (energy),220,1.9,25.01,25.86,26.56,4.26,0,0,0,0,0,0,0,0,0,0,0,0,0,0,0
150,Waste,CO,Energy,Incinerated Waste,Sludge Incineration (energy),7.1,7.4,7.04,426.71,554.87,624.88,775.72,780.12,851.42,654.375,655.734,720.882,647.442,561.295,703.044,143.229,113.626,107.88,119.43,98.74,118.756
151,Waste,CO,Energy,Waste Processing,Landfill Operations (energy),56.16056,44.83869,44.04248,41.13575,42.0856,43.67251,48.01383,63.7788,73.28581,81.90005,79.67347,81.86724,81.2132,75.47186,99.12453,90.86871,95.56083,94.76688,92.0778,71.89563,88.65317
152,Waste,CO,Energy,Waste Processing,Yard Waste Preprocessing (energy),3.48149,12.1157,14.26121,14.90934,15.23644,15.145,15.145,15.145,15.145,15.145,15.145,15.145,15.145,15.145,15.145,15.13818,15.11931,15.11773,15.11773,15.11773,15.11773
153,Waste,CO,Energy,Waste Processing,MMSW Compost Preprocessing (energy),1.31361,2.29706,3.31857,3.20202,1.8659,2.17845,2.04018,1.12628,0.65453,0.71802,0.52926,0.51962,0.53932,0.61871,0.81724,0.78354,0.57288,0.5734,0.5638,0.53483,0.52028
154,Waste,CO,Energy,Waste Processing,MRF (energy),18.56661,24.09984,27.51715,29.71961,32.50376,35.70261,38.15326,40.4277,42.54521,43.95058,45.8123,45.76389,46.33009,47.00202,48.95049,50.11417,50.73083,52.16422,52.25641,49.57045,49.02987
155,Waste,CO,Energy,Waste Processing,RDF Processing (energy),11.49005,12.43877,12.83229,13.69062,13.35758,13.3047,13.48721,14.59869,14.96541,13.49078,13.26939,12.54354,13.60009,13.0935,12.75896,13.0476,11.74158,12.86609,12.46491,11.38131,10.89825
156,Waste,CO,Energy,Waste Processing,Incinerator Ash Disposal (energy),0.02705,0.02772,0.02726,0.02539,0.02532,0.01824,0.01318,0.01709,0.01921,0.00755,0.00001,0,0,0,0,0,0,0,0,0,0
157,Waste,CO,Waste,,LFG Flaring,0,0,0,0,3.79,48.42,19.97,41.2,65.25,75.59,78.1,62.83,78.16,92.331,118.94,146.15,141.765,0.73,2.14,4.14,6.14
158,Waste,CO,Waste,,Rural Open Burning,20155,25562.68828,30052.48181,34183.63293,37193.28048,39651.57791,36584,38003,39929,43182,26690,26690,24732.6,24297.9,24162.9,23682,22975.8,21308.7,21426.9,21127.8,20543.4
159,Waste,CO,Waste,,Medical Waste Incineration,0,18.66,15.24,15.04,18.7,34.4,49.59,47.86,24.97,25.46,26.65,27.76,21.56,17.594,23.237,23.27,23.27,28.02,23.22,22.97,22.617
160,Waste,CO,Waste,,Soil Roasting,0,16.77,0.63,147.43,174.2,6.64,5.58,3.93,0.5,0.67,1.248,0.11,0.409,1.006,0.738,0.58,0.85,2,1.91,1.4,2.4
161,Waste,CO,Waste,,Hazardous Waste,1.42,11,9.7,12.4,7.9,11.98,15,8.73,5.97,6.57,0.81,3.15,3.35,6.12,2.47,7.69,9.69,4.57,3.22,1.99,1.42
162,Waste,Biogenic CO2 ,Biomass,,RDF,27024.30376,27247.5978,26640.69606,22951.02795,22742.4566,18908.83336,19637.60621,27436.5389,35592.08772,13848.88419,0,0,0,0,0,0,0,0,0,0,0
163,Waste,Biogenic CO2 ,Biomass,,MMSW-mass burn,19453.39795,20789.80068,19949.65216,20189.82441,20279.75041,15111.96195,0,0,0,0,0,0,0,0,0,0,0,0,0,0,0
164,Waste,Biogenic CO2 ,Biomass,,Wood,4886.69689,11506.90094,5947.72282,3839.54756,5713.95554,13001.30365,5926.37421,4168.31616,5758.84099,2082.02322,0,0,0,0,0,0,0,0,0,0,0
165,Waste,Biogenic CO2 ,Biomass,,Dried municipal sludge,143576.2692,127593.7379,125743.1866,122399.0736,137585.7584,144632.0675,145848.4565,139700.0885,132045.8856,129490.7717,129747.8535,129199.3714,112405.1397,121980.4171,103001.1954,125545.5302,133483.7394,129954.1066,134513.9526,128213.0986,135675.9594
166,Waste,Biogenic CO2 ,Biomass,,Biodiesel,0,0,0,0,0,0,0,0,0,0,0,0,0,0,0,146.26396,564.47276,606.0234,593.76779,508.79506,561.2067
167,Waste,Biogenic CO2 ,Biomass,,LFG (energy production),12.23637,0,0,0,9370.8584,32453.79638,81349.52513,85131.3375,95656.20075,74152.49738,80071.27425,91140.62513,83273.59013,92519.34863,87042.30975,58159.134,82214.37224,85550.74022,77310.31138,81691.86386,91490.52593
168,Waste,Biogenic CO2 ,Biomass,,Rural open burning,61543.47716,60009.91824,57220.78377,53708.05887,49411.31285,45351.55288,40883.66005,36598.91629,34347.3053,34412.22038,41554.90168,37759.91966,35662.36263,35035.5612,34840.90237,34147.48437,33129.2024,30725.38215,30895.81677,30464.53932,29621.88288
169,Waste,Biogenic CO2 ,Biomass,,Commercial/industrial incineration,99143.50347,103739.6729,110558.8475,110126.6649,9723.39281,4104.36491,4808.23664,4344.65234,0,0,0,0,0,0,0,0,0,0,0,0,0
170,Waste,Biogenic CO2 ,Biomass,,Medical waste incineration,2082.62377,5052.10646,5813.95361,5794.02419,3375.40862,5698.42642,11131.79162,10722.38711,7593.91299,6723.55018,4726.89466,5030.36528,3906.16515,3187.61919,4198.76519,4110.89459,3921.56515,4968.76527,4120.58753,4070.12988,4029.7094
171,Waste,Biogenic CO2 ,Biomass,,MMSW landfills,564125.2825,564081.857,550411.9522,535312.1876,519872.7576,504826.3698,490374.6726,477967.4979,468819.3468,462569.9719,454078.6804,448736.8492,445786.7008,444861.479,442933.5578,445810.7691,436977.461,409928.0764,386911.8358,396922.2274,411593.0251
172,Waste,Biogenic CO2 ,Biomass,,Industrial landfills,9527.09695,10828.18103,11940.79031,13211.47523,17610.96961,19572.01494,22184.26301,25189.77417,25704.50541,26184.32031,26676.10317,28931.3408,31178.21804,31103.20556,30328.33088,30210.68588,30922.02624,31390.17331,32204.87082,32569.66074,32764.21537
173,Waste,Biogenic CO2 ,Biomass,,LFG flaring,0,0,0,0,18797.762,29998.624,30695.2365,40625.797,31138.76305,60603.45721,60057.88965,45760.91981,61464.05925,75125.89763,83681.30386,105384.8934,82431.3795,62510.49278,56985.04406,61622.76724,63944.48762
174,Waste,Biogenic CO2 ,Biomass,,WWTP gas flaring,7912.45898,8030.47269,8155.78794,8292.03264,8418.03361,8536.25837,8660.22017,7944.03375,7175.7175,6366.1992,5495.48171,5761.82695,6013.6469,6261.49312,6721.129,6447.78446,6185.13204,5914.96968,5300.45692,5336.58023,5374.79512
175,Waste,Biogenic CO2 ,Biomass,,WWTP ,28087.6591,28289.94981,28512.95294,28768.72239,28983.54524,29166.71677,29364.71649,29041.40439,28680.63143,28342.26066,27922.57994,28320.72737,28639.12984,28933.88697,29355.26653,29324.51666,29372.75209,29421.76583,29244.06136,29443.36347,29654.20539
176,Residential,N2O,Energy,,Coal,0.11572,0.108,0.10029,0.09257,0.08486,0.07714,0.06943,0.06172,0.054,0.04629,0.03857,0.06768,0.09678,0.05787,0.0346,0.04388,0.03818,0.06801,0.05343,0.02254,0.02347
177,Residential,N2O,Energy,,Oil,13.79715,17.34307,14.79761,14.26737,14.94216,14.85265,16.13396,14.45864,11.50765,9.46035,10.9641,11.55059,9.71964,10.94518,12.55728,11.23095,9.20603,8.46163,9.08369,7.31847,8.6677
178,Residential,N2O,Energy,,Natural gas,11.24013,12.40969,12.01789,13.06003,12.9437,13.65566,15.18442,13.73758,11.77873,12.68804,13.79182,13.22802,14.25305,14.55882,14.00945,13.63213,12.46747,13.75803,14.94613,14.37651,13.00232
179,Residential,N2O,Energy,,Other,72.94336,68.47744,64.38368,61.03424,59.17344,57.31264,55.89843,54.88829,53.87814,52.86799,51.85784,50.84769,49.83754,48.82739,53.63414,58.44088,63.24763,68.05437,72.86112,72.86112,72.86112
180,Residential,N2O,other,,Lawn Fertilizer,59.97668,59.21099,58.95833,78.24845,77.61591,76.79112,57.09968,56.4561,57.07272,68.85233,81.32666,84.88357,89.22366,112.84766,111.83747,108.6226,108.49245,108.39456,108.92624,87.10599,107.23075
181,Residential,CH4,Energy,,Coal,23.14335,21.60046,20.05757,18.51468,16.97179,15.4289,13.88601,12.34312,10.80023,9.25734,7.71445,13.53571,19.35697,11.57441,6.92078,8.77693,7.63672,13.60291,10.68611,4.50779,4.6934
182,Residential,CH4,Energy,,Oil,269.09385,331.48111,293.97698,296.09773,306.47453,306.76282,348.48778,316.73729,244.30357,222.69068,255.4353,256.0967,222.49059,259.13136,278.69068,254.36194,216.67278,206.96419,220.3923,191.11331,210.50311
183,Residential,CH4,Energy,,Natural gas,562.00647,620.4846,600.89454,653.00175,647.18495,682.78289,759.22122,686.87915,588.93658,634.40187,689.59087,661.40088,712.65247,727.94103,700.4724,681.60664,623.37353,687.90151,747.30654,718.82546,650.11587
184,Residential,CH4,Energy,,Other,5470.75225,5135.80823,4828.77622,4577.56821,4438.0082,4298.44819,4192.38259,4116.62144,4040.8603,3965.09915,3889.338,3813.57686,3737.81571,3662.05456,4022.56039,4383.06622,4743.57204,5104.07787,5464.58369,5464.58369,5464.58369
185,Residential,CO2,Energy,,Coal,6822.7648,6367.91381,5913.06283,5458.21184,5003.36085,4548.50987,4093.65888,3638.80789,3183.95691,2729.10592,2274.25493,3990.38951,5706.52409,3412.18872,2040.27779,2587.47873,2251.34101,4010.20118,3150.31399,1328.91657,1383.63666
186,Residential,CO2,Energy,,Oil,2314113.458,2801830.532,2566921.114,2674999.569,2744134.161,2761251.241,3240680.909,2974310.892,2243990.308,2190322.774,2496567.112,2423831.173,2150785.508,2557725.545,2640257.433,2442111.796,2131007.102,1799272.933,2207058.003,1992301.518,2109144.213
187,Residential,CO2,Energy,,Natural gas,6259773.461,6910937.048,6692807.722,7273484.696,7211678.826,7606788.505,8465332.16,7652097.732,6559605.457,7066143.146,7681296.671,7367588.528,7936889.584,8107564.945,7802059.754,7593124.731,6942603.136,7661819.813,8323292.187,8006116.631,7240414.514
188,Residential,CO2,other,,"Soaps, detergents, shampoos",69830.44341,69888.40883,69951.333,74030.1213,78086.31938,82095.9005,86181.2867,90196.38987,92275.88372,88650.41926,86734.91387,92493.26802,98033.30507,95865.76545,93668.9854,93320.67295,91298.54266,91164.15523,91018.76058,91639.06537,92295.28647
189,Residential,CO2,other,,Food additives,11638.40724,11648.06814,11658.5555,11688.96652,11712.94791,13682.65008,13710.65925,13725.53759,13743.21672,13790.06522,13492.09771,11561.6585,13455.55168,13421.20716,15292.89558,15236.02824,15216.42378,15194.02587,15169.79343,15273.17756,15382.54775
190,Residential,CO2,other,,Carbon sequestration in housing units,-999076.6343,-871518.8405,-780007.9619,-757798.8096,-768893.8304,-732288.153,-728443.4178,-802324.2198,-763999.297,-766385.0552,-763037.0827,-394311.8413,-1217939.864,-1296538.355,-1676193.62,-1963855.065,-1082217.016,-473107.4263,-436449.7234,-170473.0448,-473837.3526
191,Residential,CO,Energy,,Coal,0.93188,0.79134,0.78458,0.68646,0.6447,0.57362,0.46744,0.4311,0.41382,0.67048,0.51144,0.93788,1.17122,0.6655,0.40871,0.53779,0.54534,0.94826,0.72446,0.32058,0.35957
192,Residential,CO,Energy,,Oil,403.86052,442.03889,437.58532,437.44311,458.3511,452.22972,485.8907,464.17878,381.42093,719.31456,749.02822,752.63435,586.88275,667.51732,698.67714,673.38088,689.97579,662.64946,682.12183,653.58188,736.77866
193,Residential,CO,Energy,,Natural gas,1433.20759,1439.66977,1488.6301,1533.37043,1557.0042,1607.69666,1618.64186,1519.39012,1429.16525,2910.01496,2895.46034,2902.42777,2730.92688,2650.79804,2619.89501,2645.06219,2819.30278,3037.06923,3208.66372,3237.60754,3154.37178
194,Residential,CO,Energy,,Other,83765,83445.33333,83125.66667,82806,82486.33333,82166.66667,81847,81847,81847,81847,87917,87917,79585.9187,79585.9187,79585.9187,79585.9187,93791.3858,107996.8529,122202.32,122202.32,122202.32
195,Residential,Ethane,Energy,,Other,343,322,302.75,287,278.25,269.5,262.85,258.1,253.35,248.6,243.85,239.1,234.35,229.6,252.20265,274.8053,297.40795,320.0106,342.61325,342.61325,342.61325
196,Residential,HFC-134a,Energy,,Refrigeration,0,0,0,0,0.06885,0.14,0.21348,0.28926,0.36642,0.44401,0.52202,0.60045,0.7329,0.87017,1.01226,1.15917,1.1901,1.2166,1.2461,1.26151,1.28621
197,Residential,HFC-134a,Energy,,Air conditioning,,,,,,,,,,,,0,0,0.00063,0.0023,0.00476,0.00673,0.00873,0.0108,0.013,0.01456
198,Residential,HFC-32,Energy,,Air conditioning,,,,,,,,,,,,0.09816,0.34158,0.72269,1.34845,2.06221,5.48815,10.64297,17.09579,24.71527,29.80076
199,Residential,HFC-125,Energy,,Air conditioning,,,,,,,,,,,,0.09816,0.34158,0.72269,1.34845,2.06221,5.48815,10.64297,17.09579,24.71527,29.80076
200,Residential,Biomass CO2,Biomass,,Solid biomass,2227867.39,2091467.345,1966433.971,1864133.938,1807300.586,1750467.235,1707273.887,1676421.496,1645569.105,1614716.714,1583864.323,1553011.933,1522159.542,1491307.151,1638116.792,1784926.433,1931736.074,2078545.714,2225355.355,2225355.355,2225355.355
201,Industrial,N2O,Energy,Stationary source,Coal,28.08052,32.36215,43.9875,52.35645,55.46688,49.0815,42.19563,46.69612,43.25009,52.34042,56.68467,36.8185,33.18534,36.47343,39.48534,41.09963,42.93766,44.20385,45.70893,29.3583,31.89154
202,Industrial,N2O,Energy,Stationary source,Oil,25.52369,17.25519,17.14875,17.63886,19.53407,18.2847,23.64976,24.27295,24.54268,23.40324,26.40801,27.13783,25.86829,25.63079,27.78377,27.32773,24.95709,22.41728,26.72679,22.39744,25.90307
203,Industrial,N2O,Energy,Stationary source,Natural gas,9.2836,9.77126,9.84359,10.34579,9.9964,11.25988,10.92004,11.43666,11.15489,11.11302,11.24721,9.78989,10.08454,10.0009,10.23516,10.06423,10.96198,12.11911,15.41088,13.84072,16.75107
204,Industrial,N2O,Energy,Stationary source,Other,55.56808,60.30822,90.67033,73.18245,63.17609,64.58177,65.52216,64.62366,68.55729,71.77728,70.65271,81.42171,80.80898,77.90292,83.68156,85.99831,93.08708,90.41839,84.81655,52.37122,65.09325
205,Industrial,N2O,Energy,Off-highway vehicle,Oil,13.78654,13.36155,11.91633,12.25419,12.89134,15.80335,19.19322,15.80612,15.47313,15.93698,14.46555,18.20951,20.10146,25.53262,24.65045,24.16669,19.5008,17.55521,23.04297,13.98442,16.70435
206,Industrial,N2O,Energy,Off-highway vehicle,Other,0.01519,0.02342,0.03256,0.06511,0.07156,0.09286,0.08345,0.10833,0.11205,0.05762,0.0598,0.2226,0.25176,0.29294,0.31545,0.3916,0.57627,0.41932,0.54254,0.6033,0.86922
207,Industrial,CH4,Energy,Stationary source,Coal,187.20349,215.74769,293.25,349.043,369.77922,327.20997,281.30418,311.3075,288.33393,348.93614,377.8978,245.45669,221.23558,243.15623,263.23561,273.99753,286.25107,294.69235,304.72617,195.722,212.61027
208,Industrial,CH4,Energy,Stationary source,Oil,161.43927,159.29162,164.33281,159.92631,171.95287,172.66704,146.18554,150.0171,150.35537,142.66097,163.54205,172.73647,163.29897,159.06572,169.11326,166.30619,153.29851,139.20741,172.0577,147.74356,163.21534
209,Industrial,CH4,Energy,Stationary source,Natural gas,92.83601,97.71259,98.43586,103.45793,99.96404,112.59876,109.20041,114.36663,111.54892,111.13024,112.47211,97.8989,100.84536,100.00905,102.35156,100.6423,109.61985,121.19112,154.10879,138.40724,167.51074
210,Industrial,CH4,Energy,Stationary source,Other,345.45006,380.56618,607.84712,476.25307,400.77052,411.30913,418.35546,411.63925,432.88233,432.41348,425.89678,493.79066,486.60988,454.94671,464.04873,504.32136,537.69929,510.40054,468.81917,388.96543,487.8446
211,Industrial,CH4,Energy,Off-highway vehicle,Oil,31.01972,30.06348,26.81174,27.57194,29.00551,35.55753,43.18475,35.56377,34.81455,35.85821,32.54748,40.97139,45.22828,57.44839,55.46351,54.37504,43.87681,39.49921,51.84669,31.46495,37.58479
212,Industrial,CH4,Energy,Off-highway vehicle,Other,0.03418,0.05269,0.07326,0.1465,0.161,0.20894,0.18776,0.24373,0.2521,0.12966,0.13456,0.50086,0.56646,0.65912,0.70977,0.88111,1.2966,0.94347,1.2207,1.35743,1.95574
213,Industrial,CH4,Energy,,Coal storage,205.52096,266.46692,539.33765,442.20513,492.64568,392.35713,396.92631,425.42158,215.92617,257.43447,278.16206,201.53885,178.82327,180.97703,199.38803,227.89495,231.06957,231.82813,245.73017,151.43037,178.94782
214,Industrial,CH4,Energy,,Oil Refining,1734.13944,1740.42749,1130.7416,1190.89705,1154.6653,1167.14216,1124.61243,1054.29314,981.83934,981.34703,1520.37661,1550.2886,1550.3335,1549.20453,1499.25988,1701.81271,1516.3773,1480.89197,1471.01646,1460.73186,1430.35431
215,Industrial,CH4,other,,Peat mining,700.69755,510.9253,525.52316,481.72957,540.12103,350.34878,291.95731,423.3381,437.93597,496.32743,1094.83992,1211.62285,934.2634,875.87194,919.66554,992.65487,1007.25273,598.51249,700.69755,919.66554,1080.24206
216,Industrial,CH4,other,,Industrial wastewater treatment,5305.96009,6387.1886,6654.09941,6349.5176,6320.86367,6342.51986,6464.05848,6677.01399,6447.45244,6462.08848,6463.62894,6608.86241,7079.12351,7006.59455,7159.30813,7144.80455,7419.38194,7515.27566,7751.38879,7411.19669,7602.27386
217,Industrial,CO2,Energy,,Coal,1778424.1,2032732.451,2723488.805,3319415.91,3507135.576,3121060.741,2660016.01,2948260.3,2800775.21,3388083.622,3665570.886,2376095.772,2144154.976,2362939.191,2556608.2,2653292.872,2774609.895,2858584.157,2953559.741,1900229.79,2057444.966
218,Industrial,CO2,Energy,,Oil,5453565.71,5417702.855,5178196.286,5148682.531,5939252.622,6022904.329,6204763.105,6323117.949,6337019.709,5999600.945,6412119.362,6343240.451,6378413.197,6492641.92,6954138.922,7020728.684,6529171.695,6107477.225,6374265.659,5578280.159,6139190.793
219,Industrial,CO2,Energy,,Natural gas,5169505.534,5441054.075,5481328.821,5760978.939,5566424.522,6269979.456,6080744.795,6368422.359,6211519.875,6188205.984,6262927.004,5451428.756,5615500.262,5568930.765,5699371.983,5604193.025,6104101.124,6748438.776,8581435.14,7707105.958,9327712.779
220,Industrial,CO2,other,,Taconite induration ,1347330.271,1292894.358,1276062.447,1195177.133,1349735.432,1487750.706,1492140.158,1497612.142,1529067.673,1462936.989,1518309.246,1220998.872,1516930.198,1245300.906,1334170.295,1260502.339,1297166.027,1259555.129,1322780.965,662365.8295,1270364.316
221,Industrial,CO2,other,,Steel production,2410.68627,0,0,0,0,0,0,0,0,44589.77344,40063.75894,37784.49709,40264.20077,39887.30548,43456.27091,34932.82635,34569.35647,32303.94276,34497.78821,19008.38104,28102.5546
222,Industrial,CO2,other,,Ammonia Manufacture,32400,32400,32400,32400,32400,32400,32400,0,0,0,0,0,0,0,0,0,0,0,0,0,0
223,Industrial,CO2,other,,Glass manufacture,11446.9281,9196.07843,9196.07843,7872.71895,7954.60784,7786.45098,7888.92157,7973,8417.03922,8644.75163,12056.49673,12265.37908,12588.11765,13238.63072,12104.66667,28233.12955,19424.76423,31415.39275,31741.3319,48692.5122,31266.66321
224,Industrial,CO2,other,,Secondary lead production,0,0,0,0,0,0,0,0,0,6475.245,6563.64,6397.64,6867.42,7705.72,7582.05,8798.415,10949.775,8837.01,9913.935,13043.45,11686.4
225,Industrial,CO2,other,,Paraffinic wax consumption,0,32648.9469,34630.72454,37217.11231,37720.95408,37720.95408,44237.30768,39769.91063,38527.10092,34026.11441,30096.14858,31708.44226,28047.19204,27073.09794,26837.97178,27375.40301,25259.26756,21161.35447,18507.7878,11823.48694,16526.01016
226,Industrial,CO2,other,,Peat Mining/Use,64790.30452,47242.93038,48592.72839,44543.33436,49942.5264,32395.15226,26995.96022,39144.14232,40493.94033,45893.13237,101234.8508,112033.2349,86387.0727,80987.88065,85037.27468,91786.26474,93136.06275,55341.71845,64790.30452,85037.27468,99885.0528
227,Industrial,CO2,other,,Industrial solvent release,29921.18944,30362.19772,30803.20601,31244.21429,31685.22257,32126.23086,32567.23914,33111.01826,32515.32363,26916.96371,25893.57141,26011.41758,24696.1972,24696.1972,24696.1972,24696.1972,20794.32324,16892.44928,12990.57532,12990.57532,12990.57532
228,Industrial,CO2,other,,Other industrial VOC and TRI releases,367436.5163,354742.6547,344156.2016,336937.0389,335683.0108,339406.5926,338220.2416,339259.0637,273755.9195,234805.7248,235289.8227,242990.788,108559.1786,107581.7724,107269.2392,107070.078,108108.6636,109957.1144,111758.5552,110115.7009,109805.9608
229,Industrial,CO,Energy,,Coal,1235,1314.16667,1393.33333,1472.5,1551.66667,1630.83333,1710,1670,1594,1602,1534,1612,2342.70421,2342.70421,2342.70421,2342.70421,2250.3428,2157.9814,2065.62,2065.62,2065.62
230,Industrial,CO,Energy,,Oil,33092,33660.83333,34229.66667,34798.5,35367.33333,35936.16667,36505,36241,35502,34614.1,33561.8,32383.8,39800.82024,38782.20809,37763.59594,36744.98378,33739.39586,30733.80793,27728.22,27728.22,27728.22
231,Industrial,CO,Energy,,Natural gas,2024,2434.5,2845,3255.5,3666,4076.5,4487,4455,4340,4354,4386,4359,3347.82855,3347.82855,3347.82855,3347.82855,3568.3157,3788.80285,4009.29,4009.29,4009.29
232,Industrial,CO,Energy,,Other,129477,115693.8333,101910.6667,88127.5,74344.33333,60561.16667,46778,46013,86496,300659,187361,64217,59875.75891,59875.75891,59875.75891,59875.75891,40894.66261,21913.5663,2932.47,2932.47,2932.47
233,Industrial,CO,Energy,,Oil Refining,59531.8,59170.16667,58808.53333,58446.9,58085.26667,57723.63333,57362,58892,57370,2198.6,2189.6,2189.6,7151.66901,7151.66901,7151.66901,7151.66901,5116.40268,3081.13634,1045.87,1045.87,1045.87
234,Industrial,CO,other,,Other industrial process,7302.46,7138.44333,6974.42667,6810.41,6646.39333,6482.37667,6318.36,6512.62,6348.12,2597.35,2722.16,3421.97,8379.48512,8379.58845,8379.69179,8379.79512,7555.30675,6730.81837,5906.33,5906.33,5906.33
235,Industrial,CO as CO2,Energy,,Oil Refining,93589.34746,93020.82732,92452.30717,91883.78702,91315.26687,90746.74673,90178.22658,92583.52428,90190.8033,3456.39707,3442.24826,3442.24826,11243.06734,11243.06734,11243.06734,11243.06734,8043.44548,4843.82363,1644.20177,1644.20177,1644.20177
236,Industrial,CO as CO2,other,,Other industrial process,11480.12434,11222.27538,10964.42642,10706.57746,10448.7285,10190.87953,9933.03057,10238.42478,9979.81597,4083.26796,4279.48051,5379.64482,13173.30476,13173.46721,13173.62966,13173.79212,11877.62219,10581.45226,9285.28233,9285.28233,9285.28233
237,Industrial,HFCs,other,,Insulating foam manufacture,0,0,0,0,0,0,0,0,0,0,0,0,0,0,0,0,0,44.68,44.0176,46.3772,43.0554
238,Industrial,SF6,other,,Magnesium casting,6.50898,6.99812,7.48726,8.36381,9.24035,10.1169,10.99344,11.86999,12.02625,12.18252,12.33879,12.49506,12.65132,14.20846,15.76559,17.32273,18.87986,20.437,20.437,20.437,20.437
239,Industrial,Biomass CO2,Biomass,,Solid biomass,1846742.138,1943508.905,2785184.991,2309156.469,2025925.262,2062843.693,2084380.906,2054324.57,2204075.973,2409820.382,2373109.725,2732045.092,2713821.228,2708011.368,3030120.063,3022396.184,3606578.513,3552304.333,3307784.804,1643241.966,1950505.394
240,Industrial,Biomass CO2,Biomass,,Liquid biofuels,580.63751,895.03012,1244.46306,2488.60699,2735.01919,3549.26215,3189.59874,4140.40322,4282.57676,2202.50754,2285.80429,8508.26583,9622.66977,11196.71912,12057.05883,15605.73352,25416.4404,20208.6225,25319.42607,30956.80956,47869.98074
241,Industrial,Biomass CO2,Biomass,,Biogas,1101.22993,5488.94291,5661.01009,5063.07665,9016.68069,21281.81637,18159.44499,22734.09961,24412.9249,18950.53462,22761.7038,17136.52177,20745.65283,23975.54198,25327.62772,28917.04663,38616.44354,46628.93329,48885.10717,28363.8191,33443.18263
242,Transportation,N2O,Energy,,Passenger Cars,1580.29406,1606.25894,1714.50108,1739.91165,1754.15319,1752.93965,1703.20258,1657.55924,1649.29527,1616.58632,1552.42399,1496.36491,1383.64429,1281.76584,1159.2747,1017.65697,900.61365,785.08846,681.43875,592.56737,516.71052
243,Transportation,N2O,Energy,,Light-Duty Trucks,924.22834,1025.59467,1184.44561,1290.42348,1412.48634,1611.48095,1717.66227,1826.97857,1887.86807,1887.10076,1869.98592,1797.24231,1710.13207,1620.07219,1511.3985,1387.9529,1216.29748,1083.45938,903.56036,776.18502,666.50376
244,Transportation,N2O,Energy,,Heavy-Duty Trucks,42.69222,44.74538,47.94127,52.96968,58.1419,62.73608,68.07681,74.23877,73.05776,71.0154,67.89999,63.74567,59.47656,59.86974,57.6846,54.07157,50.92351,46.36042,43.32156,44.28493,45.48431
245,Transportation,N2O,Energy,,School Bus,1.94026,1.96488,1.98817,2.04176,2.24543,2.29466,2.18116,2.06948,1.95767,1.97989,3.31884,3.35725,3.30969,3.27582,3.29211,3.14599,3.66546,3.71613,3.14753,3.14643,3.15709
246,Transportation,N2O,Energy,,Transit Bus,0.21176,0.2075,0.21454,0.22963,0.27071,0.25908,0.22207,0.26422,0.27691,0.289,0.32345,0.34473,0.4035,0.39625,0.33957,0.35927,0.40856,0.41921,0.44349,0.449,0.44886
247,Transportation,N2O,Energy,,Motorcycle,2.20546,1.99258,2.64097,2.85124,2.80248,2.47691,2.48591,2.70365,2.85832,2.73372,2.91905,2.59274,2.67775,2.83897,3.06924,3.1312,3.60953,6.4051,6.24799,6.08113,5.34653
248,Transportation,N2O,Energy,,RV,13.38129,13.54767,13.94168,13.57966,12.95745,11.79337,10.92765,10.19263,10.03787,9.38968,8.65512,8.03288,7.07794,6.27053,5.37924,4.38102,3.47202,2.72095,1.96453,1.45428,1.03072
249,Transportation,N2O,Energy,,Federal Bus,0.0024,0.00294,0.0024,0.00206,0.00191,0.00287,0.00287,0.00308,0.00318,0.00293,0.00317,0.00351,0.00462,0.00339,0.00339,0.00339,0.00339,0.00339,0.00339,0.00339,0.00339
250,Transportation,N2O,Energy,,Railroad,17.79906,19.09769,32.26631,28.59673,34.39374,32.37524,20.2019,20.99767,25.74719,17.27024,17.52251,15.20461,14.7201,15.39058,19.19194,23.85173,23.4149,38.29951,27.5927,14.30613,19.72556
251,Transportation,N2O,Energy,,Marine,18.28016,21.27366,17.7686,9.33607,8.99813,11.45355,10.50555,9.78071,9.87007,11.75337,16.9182,15.40882,19.98583,14.47645,19.37123,20.8822,24.51663,26.07669,40.4741,20.92133,23.06641
252,Transportation,N2O,Energy,,Military and Other Off-highway,0,0,0,0,0,0,0,0,0,0,0,0,0,0,0,0,0,0,0,0,0
253,Transportation,N2O,Energy,,Aviation,118.96622,118.57615,123.14244,129.36718,125.96945,130.38945,138.74659,144.83863,154.42257,142.93101,177.36016,159.42565,146.90011,147.89688,156.85722,158.74004,139.18103,141.66479,130.24691,124.51324,111.73865
254,Transportation,N2O,Energy,,Natural Gas Transmission,15.05531,16.27479,19.68332,21.0582,21.94387,24.26508,24.7881,23.93776,24.26892,26.47557,24.54954,21.61253,26.05207,23.98435,23.818,26.06228,24.02187,23.6219,20.68373,14.28907,16.43132
255,Transportation,CH4,Energy,,Passenger Cars,2427.12876,2324.22111,2389.91255,2366.74989,2315.53528,2019.1688,1910.30779,1790.07821,1704.56506,1611.69402,1495.4012,1396.04972,1257.21816,1148.51733,1030.99938,909.68903,811.97585,732.48116,668.60816,610.21577,553.58608
256,Transportation,CH4,Energy,,Light-Duty Trucks,1427.47521,1415.99235,1457.98292,1511.27375,1547.91932,1580.72823,1569.20626,1553.67754,1505.15785,1430.23528,1359.1312,1278.18687,1193.48121,1114.81552,1047.65023,977.68073,889.88151,828.01364,748.79925,693.56352,656.57625
257,Transportation,CH4,Energy,,Heavy-Duty Trucks,224.19143,220.44076,213.90766,213.49833,213.81933,202.88639,201.32046,205.70591,175.72064,150.38763,128.44899,104.71096,87.96828,75.97166,66.69456,59.89156,53.2267,47.65187,43.10722,44.89524,46.12325
258,Transportation,CH4,Energy,,School Bus,5.45012,5.51929,5.58471,5.73524,6.30734,6.44561,6.12681,5.8131,5.49902,5.56146,1.6944,1.71401,1.68973,1.67244,1.68076,1.60616,1.87137,1.89723,1.60694,1.60638,1.61182
259,Transportation,CH4,Energy,,Transit Bus,0.22499,0.22047,0.22794,0.24398,0.28156,0.26929,0.2347,0.27959,0.28836,0.30128,0.33742,0.36627,0.42872,0.4192,0.35899,0.38172,0.434,0.44527,0.46353,0.47706,0.47692
260,Transportation,CH4,Energy,,Motorcycle,22.21014,20.06634,26.59591,28.71342,28.22241,24.94379,25.03444,27.22716,28.78472,27.52992,29.39629,26.11025,26.96633,28.58987,30.90881,31.53283,36.34979,64.50262,62.92051,61.24011,53.84229
261,Transportation,CH4,Energy,,RV,7.91085,8.00921,8.24214,8.02812,7.67592,7.00147,6.50248,6.08003,6.00345,5.6396,5.22295,4.87308,4.31936,3.85254,3.33058,2.73689,2.19185,1.73917,1.27462,0.96109,0.69715
262,Transportation,CH4,Energy,,Federal Bus,0.00141,0.00172,0.00141,0.00121,0.00112,0.00168,0.00168,0.00181,0.00186,0.00172,0.00186,0.00205,0.00271,0.00199,0.00199,0.00199,0.00199,0.00199,0.00199,0.00199,0.00199
263,Transportation,CH4,Energy,,Railroad,55.62206,59.68029,100.83223,89.36478,107.48042,101.17262,63.13093,65.61771,80.45996,53.96949,54.75785,47.51442,46.0003,48.09555,59.97482,74.53664,73.17156,119.68597,86.2272,44.70664,61.64238
264,Transportation,CH4,Energy,,Marine,47.77114,56.65862,44.47276,21.91161,22.21354,25.76326,23.68,23.27063,23.26159,25.68988,25.54449,23.42566,31.7549,31.66475,25.42394,35.75761,35.63352,33.08142,33.68387,29.70356,32.05919
265,Transportation,CH4,Energy,,Aviation,169.33801,162.30816,150.76175,157.9362,155.9184,159.78339,164.90359,170.79897,169.79236,169.25996,197.20287,176.30848,181.42019,165.19565,172.26497,175.51231,155.53769,161.81148,145.13084,175.2945,127.14302
266,Transportation,CH4,Energy,,Natural Gas Transmission,33854.2641,32711.10762,36144.4199,36764.84577,36607.9286,37443.78002,39972.37044,41517.7973,41507.90617,41961.78087,42070.79675,40849.30072,41943.18459,43901.50907,44349.85207,44720.74115,44600.58601,45151.44771,45163.20703,44965.5539,46109.52571
267,Transportation,CO2,Energy,,Passenger Cars,11481263.67,11493307.66,11885375.53,11603123,11674288.18,10851585.32,11015430.32,10138761.27,10667475.07,11201920.03,11325798.12,11395671.91,11342278.16,10976294.5,10852486.35,10393299.26,9730548.943,9526088.09,9167727.699,8883548.896,9047787.212
268,Transportation,CO2,Energy,,Light-Duty Trucks,6285155.444,6603333.586,6981910.06,7242364.306,8011296.828,9121739.855,9667252.252,9590484.526,10333218.73,11116083.88,11444477.36,11766392.5,12206391.59,12233196.66,12893714.3,13059943.29,12911341.56,13180243.22,13203423.67,12892530.97,12902612.22
269,Transportation,CO2,Energy,,Heavy-Duty Trucks,4957356.708,5022066.393,5050206.712,5128921.392,5350278.391,5520509.97,5608327.067,5711528.193,5579666.685,5791166.41,6074636.755,6348647.116,6733911.021,6924454.726,6859314.695,6849672.031,6825041.878,6645411.963,6641431.502,6521889.26,6232368.06
270,Transportation,CO2,Energy,,School Bus,175908.3291,179073.6799,180093.2305,214927.1425,255242.6096,173606.5738,164837.2556,144660.8609,133122.7916,146531.9703,137835.6435,125809.7638,94258.06904,126397.8167,127059.1531,120787.0817,138741.1803,140682.7018,119197.8316,117068.7601,116930.2952
271,Transportation,CO2,Energy,,Transit Bus,109425.9079,112087.3269,112196.7547,121299.2616,129730.8385,124309.331,105463.7545,128869.218,135112.363,144303.7225,147615.3139,155751.7714,182799.7833,174717.6276,138791.9529,149552.7159,155686.3697,158929.5904,110889.2189,164212.5267,161596.5529
272,Transportation,CO2,Energy,,Motorcycle,49405.32352,45631.94537,57922.69585,60744.47636,60590.17002,54574.39277,54115.25487,53816.64173,58692.9825,58463.82673,62328.77247,53298.78878,55676.60167,56314.03894,61048.24556,61497.93906,68810.1354,123547.6563,120901.4669,117026.073,107931.3423
273,Transportation,CO2,Energy,,RV,374421.1003,386461.0084,382996.2938,363742.9654,360799.036,342487.3143,322954.173,289355.6836,301087.8278,304238.0802,294469.4869,281401.1946,264749.2056,243489.5312,224314.4671,195440.798,165054.7115,142438.3275,113943.472,115218.7137,114639.2121
274,Transportation,CO2,Energy,,Federal Bus,33.58998,42.18595,32.89185,31.95221,32.43486,33.0453,32.64774,29.84584,30.79443,32.07298,32.0162,30.79728,31.15019,29.70611,29.78774,29.40545,28.54768,28.94127,29.02485,28.86139,30.26569
275,Transportation,CO2,Energy,,Railroad,712686.0018,764684.1148,1291964.415,1145031.894,1377147.765,1296325.839,808897.1996,840760.4501,1030934.34,691511.6289,701612.9573,608802.7659,589402.34,616248.8234,768457.9892,955038.7889,937547.8982,1533537.57,1104829.963,572826.6703,789824.4454
276,Transportation,CO2,Energy,,Marine,691741.6791,806680.8915,653907.0534,329721.7758,323281.2613,395788.8193,364374.2893,339174.7989,343236.3065,397732.2958,482919.9085,442021.9378,577640.9656,471093.7476,524102.7939,619969.2798,704109.5772,698811.8018,988973.1482,596408.255,642443.7363
277,Transportation,CO2,Energy,,Military and Other Off-highway,13942.99685,20411.03116,9208.70537,5525.22322,2271.10402,3005.54065,61299.17192,427146.1127,407857.0457,68876.39042,56891.10125,79023.00361,66058.0812,327563.5137,44446.93097,44858.46066,541637.382,374191.5189,338817.0777,316233.2709,390801.2609
278,Transportation,CO2,Energy,,Aviation,3785770.117,3768864.525,3901552.606,4098455.705,3992287.918,4131191.03,4392396.139,4584316.611,4879065.797,4524433.544,5605320.498,5037849.646,4655282.566,4674683.481,4955847.223,5016157.841,4399249.344,4480198.61,4116563.446,3960865.634,3533434.275
279,Transportation,CO2,Energy,,Natural Gas Transmission,713984.4294,796847.1015,892431.6323,967985.1588,1031755.787,1144275.651,1185118.124,1170998.716,1206573.028,1321352.14,1257981.741,1136071.984,1367016.182,1204204.086,1216997.508,1327184.733,1218035.999,1198099.747,1063639.894,768538.5745,925181.0745
280,Transportation,CO,Energy,,Passenger Cars,1485479.45,1392369.15,1299288.795,1206201.399,1113090.339,1019852.513,926791.7868,893805.3536,869755.7558,799593.8833,871636.7936,852482.6268,645308.5877,614272.6151,583238.6925,552200.7229,697946.8134,843676.9377,989402.1639,989474.1471,989609.3363
281,Transportation,CO,Energy,,Light-Duty Trucks,699031.9568,688267.4078,677514.2532,666729.8995,655957.6819,645270.4699,634530.7004,626495.1862,615436.0415,589404.7407,648608.3168,633640.7493,602054.4987,585304.797,568556.7187,551808.6891,368314.9729,184839.9876,1359.5514,1415.85741,1527.82071
282,Transportation,CO,Energy,,Heavy-Duty Trucks,201407.3392,187978.8734,174542.0782,161117.427,147819.4701,134641.5509,121433.6479,113217.904,103241.7241,97224.84454,89631.23278,80495.45817,69051.02223,63508.80803,58010.55526,52568.83406,64731.45915,76696.35403,88934.52822,88934.52822,88934.52822
283,Transportation,CO,Energy,,Railroad,2020,2056.83333,2093.66667,2130.5,2167.33333,2204.16667,2241,2109,1977,2072,2086,2114,2686.05759,2686.05759,2686.05759,2686.05759,2692.62173,2699.18586,2705.75,2705.75,2705.75
284,Transportation,CO,Energy,,Marine,3741,3775,3809,3843,3877,3911,3945,3765,3585,3826,3664,3676,5725.08022,5725.08022,5725.08022,5725.08022,4889.69015,4054.30007,3218.91,3218.91,3218.91
285,Transportation,CO,Energy,,Military and Other Off-highway,482127,490220.6667,498314.3333,506408,514501.6667,522595.3333,530689,520556,521581,523287,526043,534333,433047.2611,425381.936,417716.6109,410051.2858,396082.2772,382113.2686,368144.26,368144.26,368144.26
286,Transportation,CO,Energy,,Aviation,4048,4177.33333,4306.66667,4436,4565.33333,4694.66667,4824,5321,5817,4770,4863,4374,9552.12799,9552.12799,9552.12799,9552.12799,8674.30866,7796.48933,6918.67,6918.67,6918.67
287,Transportation,CO,Energy,,Natural Gas Transmission,1209.3,1249.7,1623.08,1661.99,1694.47,1855.69,2302.29,2377.93,2895.92492,3007.94492,2697.12514,2012.84422,2356.02504,2195.17059,2018.31379,2260.00092,2040.32259,2717.4835,1830.7175,999.259,999.259
288,Transportation,Ethane,Energy,,Natural Gas Transmission,2162.85213,2089.81913,2309.16363,2348.80087,2338.77588,2392.17604,2553.72045,2652.45335,2651.82143,2680.81819,2687.7829,2609.74501,2679.63013,2804.74188,2833.38523,2857.08027,2849.40391,2884.59688,2885.34815,2872.72066,2945.80575
289,Transportation,Propane,Energy,,Natural Gas Transmission,693.8731,670.4431,740.81187,753.52805,750.31189,767.44341,819.2691,850.94399,850.74127,860.04383,862.27821,837.24257,859.66268,899.80028,908.98946,916.59116,914.12848,925.41887,925.65989,921.60882,945.05553
290,Transportation,Butane,Energy,,Natural Gas Transmission,522.5514,504.90642,557.90069,567.47716,565.0551,577.95673,616.98633,640.84049,640.68782,647.69352,649.37622,630.52203,647.40648,677.63385,684.55416,690.27896,688.42432,696.92705,697.10856,694.05772,711.71529
291,Transportation,HFC-134a,Energy,,MAC,0,2.16788,10.0397,11.57596,28.43008,68.10455,110.98734,178.70151,240.74664,313.93831,378.37611,439.56809,483.9907,505.25197,531.36009,553.52999,575.69223,592.1631,601.36739,592.37585,576.14478
292,Transportation,Biomass CO2,Biomass,,Passenger Cars,78628.1885,144982.773,206144.2824,414981.8392,436306.8044,468912.4752,438620.9454,595437.1346,592587.5563,622889.3628,630660.2457,634994.8048,656252.4305,783085.4253,774960.8344,728172.1428,707683.8106,725690.5552,741887.5594,750152.8676,781085.3534
293,Transportation,Biomass CO2,Biomass,,Light-Duty Trucks,42513.71378,82126.11491,119172.5632,254758.5741,294512.1555,386417.245,376937.014,550562.1685,561307.9664,604984.2593,622123.5909,638836.8852,686804.9675,845851.606,891568.6802,870126.1634,853819.6994,864762.7049,849359.381,789700.3899,769107.0533
294,Transportation,Biomass CO2,Biomass,,Heavy-Duty Trucks,4397.42948,7950.5267,10078.23921,19276.93821,20247.78403,23591.25385,21331.07754,29038.62912,25795.63979,24183.21131,21423.02523,17977.89765,16058.50212,17280.1587,15740.65758,42134.97912,121274.4483,124423.1476,123749.0918,239418.1873,287387.4448
295,Transportation,Biomass CO2,Biomass,,School Bus,112.91296,216.33827,288.2231,697.38567,877.18703,699.98683,605.57753,730.29962,652.64278,745.6697,699.82729,616.2203,483.84982,764.51671,770.5703,1184.73887,2925.01655,3146.85588,2711.0047,4688.6372,5740.89161
296,Transportation,Biomass CO2,Biomass,,Transit Bus,0,0,0,0,12.80769,14.89045,2.71049,3.44212,17.8442,18.74259,18.44149,5.44801,28.76283,5.94192,5.47285,629.78504,3928.51127,6283.37392,10660.62618,5977.70031,7430.47327
297,Transportation,Biomass CO2,Biomass,,Motorcycle,333.69735,568.6319,994.32728,2170.65823,2262.67672,2350.5065,2147.07375,3183.49159,3277.4388,3265.3197,3478.3246,2970.33365,3218.73138,4004.02291,4341.47531,4206.6613,4706.41615,8858.81494,9189.05471,9261.76207,8703.16067
298,Transportation,Biomass CO2,Biomass,,RV,2223.56245,4245.9754,5764.73686,11353.91104,11459.99598,12226.02531,10280.48263,13031.76771,12455.63337,12071.03454,11031.8956,9775.44586,8965.68851,9234.57272,7860.67012,6477.97323,6205.15083,5328.46959,4162.65386,5311.23362,5916.28586
299,Transportation,Biomass CO2,Biomass,,Federal Bus,0.22766,0.52754,0.5665,1.14549,1.21482,1.42785,1.29955,1.77168,1.72527,1.79723,1.79292,1.72377,1.80862,2.12211,2.12833,2.02143,1.96188,2.08105,2.2129,2.29162,2.44927
300,Transportation,Biomass CO2,Biomass,,Marine,4551.98443,9880.73708,10566.14766,10490.87164,11114.22521,14684.47301,12475.30116,17804.03068,16876.0843,18545.35443,17644.0405,16196.67406,22820.07241,28375.7252,21663.66014,30759.21194,30483.11392,27986.35289,26652.21479,25861.3217,27408.17643
301,Transportation,Biomass CO2,Biomass,,Military and Other Off-highway,0,0,0,0,0,0,2163.99462,25125.76828,22737.55852,2998.36299,2861.80544,2508.79503,3704.10618,23057.85475,3043.51696,3043.46727,37415.29796,26576.33897,24328.31445,21483.19785,27961.18024
302,Transportation,Biomass CO2,Biomass,,Other,6840.38649,0,0,0,0,0,0,0,0,0,0,0,0,0,0,0,0,0,0,0,0
